,appliances,t_out,press_mm_hg,rh_out,windspeed,visibility,tdewpoint,log_appliances,house_temp,house_hum,t_rh,weekday_avg,hour_avg
count,3290.0,3290.0,3290.0,3290.0,3290.0,3290.0,3290.0,3290.0,3290.0,3290.0,3290.0,3290.0,3290.0
mean,97.29827760872948,7.415428824768389,755.5225425540424,79.74421225936777,4.0398682877428564,38.32828774063404,3.7630544579182374,4.303057118439514,20.81661111712462,41.223456497693,858.1030935809424,20.815961373188454,20.816123963726444
std,79.76670308893337,5.315735843130389,7.398570283598545,14.83026504209626,2.4309661342717055,11.213511524503256,4.191994099775937,0.563957646297606,1.813132212188044,3.9613500246037656,113.58818855615387,0.10704781899959709,0.26768002617210934
min,28.33333333,-4.961111111,729.3833333,25.25,0.416666667,1.0,-6.475,3.24641184,16.02422454,31.00615476,635.7505124,20.66122286,20.36148976
25%,50.0,3.666666667,750.9166667,70.41666667,2.0,31.83333333,0.933333333,3.90521934,19.66446181,38.3386814275,772.3733954500001,20.71676869,20.60384553
50%,63.33333333,6.916666667,756.1,83.66666667,3.583333333,40.0,3.4124999999999996,4.115341196,20.59921875,40.571502975,846.4238144000001,20.77707563,20.90186672
75%,110.0,10.414583335,760.9312499749999,91.58333333,5.416666667,40.0,6.566666667,4.6490025385,21.764500247500003,44.1615842,914.7622115749999,20.9163836,21.0841287375
max,570.0,25.93333333,772.2583333,100.0,13.0,66.0,15.25,6.306600611,25.9934256,52.56023148,1294.933745,20.97943691,21.16846094
